{
    "default_header": "header_223144",
    "promo_popup": "1",
    "promo_popup_content_type": "html_block",
    "popup_html_block": "12507",
    "popup-background": {
        "color": "rgb(247,247,247)",
        "url": "https:\/\/dummy.xtemos.com\/woodmart2\/gutenberg\/wp-content\/uploads\/sites\/24\/2024\/05\/books-popup.jpg",
        "id": "12508",
        "repeat": "no-repeat",
        "size": "cover",
        "attachment": "",
        "position": "center center"
    },
    "popup_color_scheme": "dark",
    "popup_padding": "eyJkZXZpY2VzIjp7ImRlc2t0b3AiOnsidmFsdWUiOiIiLCJ1bml0IjoicHgifX19",
    "sticky_toolbar": "0",
    "title-background": {
        "color": "#0a0a0a",
        "url": "https:\/\/dummy.xtemos.com\/woodmart2\/gutenberg\/wp-content\/uploads\/sites\/24\/2024\/05\/books-page-title.jpg",
        "id": "12509",
        "repeat": "",
        "size": "cover",
        "attachment": "",
        "position": "center center"
    },
    "text-font": [
        {
            "google": "1",
            "font-family": "Roboto",
            "font-weight": "400",
            "font-style": "",
            "font-subset": "",
            "font-size": "16",
            "tablet": {
                "font-size": ""
            },
            "mobile": {
                "font-size": ""
            },
            "color": "rgb(118,118,118)"
        }
    ],
    "primary-font": [
        {
            "google": "1",
            "font-family": "Playfair Display",
            "font-weight": "400",
            "font-style": "",
            "font-subset": "",
            "text-transform": "",
            "color": "#242424"
        }
    ],
    "post-titles-font": [
        {
            "google": "1",
            "font-family": "Lora",
            "font-weight": "400",
            "font-style": "",
            "font-subset": "",
            "text-transform": "",
            "color": "#333333",
            "hover": {
                "color": "rgb(51 51 51 \/ 65%)"
            }
        }
    ],
    "secondary-font": [
        {
            "google": "1",
            "font-family": "Italianno",
            "font-weight": "400",
            "font-style": "",
            "font-subset": ""
        }
    ],
    "widget-titles-font": [
        {
            "google": "1",
            "font-family": "Lora",
            "font-weight": "400",
            "font-style": "",
            "font-subset": "",
            "text-transform": "uppercase",
            "font-size": "16",
            "tablet": {
                "font-size": ""
            },
            "mobile": {
                "font-size": ""
            },
            "color": "#333"
        }
    ],
    "navigation-font": [
        {
            "google": "1",
            "font-family": "Roboto",
            "font-weight": "500",
            "font-style": "",
            "font-subset": "",
            "text-transform": "uppercase",
            "font-size": "13",
            "tablet": {
                "font-size": ""
            },
            "mobile": {
                "font-size": ""
            }
        }
    ],
    "advanced_typography": {
        "0": {
            "custom": "",
            "selector": [
                "product_title_single_page"
            ],
            "custom-selector": "",
            "google": "0",
            "font-family": "Lato-700",
            "font-weight": "600",
            "font-style": "",
            "font-subset": "",
            "text-transform": "",
            "font-size": "",
            "tablet": {
                "font-size": "",
                "line-height": ""
            },
            "mobile": {
                "font-size": "",
                "line-height": ""
            },
            "line-height": "",
            "color": "",
            "hover": {
                "color": ""
            }
        },
        "1": {
            "custom": "",
            "custom-selector": "",
            "google": "1",
            "font-family": "Playfair Display",
            "font-weight": "500",
            "font-style": "italic",
            "font-subset": "",
            "text-transform": "",
            "font-size": "",
            "tablet": {
                "font-size": "",
                "line-height": ""
            },
            "mobile": {
                "font-size": "",
                "line-height": ""
            },
            "line-height": "",
            "color": "",
            "hover": {
                "color": ""
            }
        },
        "{{index}}": {
            "custom": "",
            "custom-selector": "",
            "google": "0",
            "font-family": "",
            "font-weight": "",
            "font-style": "",
            "font-subset": "",
            "text-transform": "",
            "font-size": "",
            "tablet": {
                "font-size": "",
                "line-height": ""
            },
            "mobile": {
                "font-size": "",
                "line-height": ""
            },
            "line-height": "",
            "color": "",
            "hover": {
                "color": ""
            }
        }
    },
    "primary-color": {
        "idle": "rgb(181,131,82)"
    },
    "android_browser_bar_color": {
        "idle": "rgb(181,131,82)"
    },
    "btns_default_style": "rounded",
    "btns_shop_style": "rounded",
    "btns_shop_bg": {
        "idle": "rgb(181,131,82)"
    },
    "btns_shop_bg_hover": {
        "idle": "rgb(198,160,125)"
    },
    "form_fields_style": "rounded",
    "form_border_width": "1",
    "update_cart_quantity_change": "1",
    "products_hover": "quick",
    "footer_content_type": "html_block",
    "footer_html_block": "702"
}