{
    "default_header": "header_796025",
    "promo_popup": "0",
    "sticky_toolbar": "0",
    "text-font": [
        {
            "google": "1",
            "font-family": "Lato",
            "font-weight": "400",
            "font-style": "",
            "font-subset": "",
            "font-size": "16",
            "tablet": {
                "font-size": ""
            },
            "mobile": {
                "font-size": ""
            },
            "color": "rgb(118,118,118)"
        }
    ],
    "primary-font": [
        {
            "google": "1",
            "font-family": "Josefin Sans",
            "font-weight": "600",
            "font-style": "",
            "font-subset": "",
            "text-transform": "",
            "color": "#242424"
        }
    ],
    "post-titles-font": [
        {
            "google": "1",
            "font-family": "Josefin Sans",
            "font-weight": "600",
            "font-style": "",
            "font-subset": "",
            "text-transform": "",
            "color": "#333333",
            "hover": {
                "color": "rgb(51 51 51 \/ 65%)"
            }
        }
    ],
    "secondary-font": [
        {
            "google": "1",
            "font-family": "Josefin Sans",
            "font-weight": "600",
            "font-style": "",
            "font-subset": ""
        }
    ],
    "widget-titles-font": [
        {
            "google": "1",
            "font-family": "Josefin Sans",
            "font-weight": "600",
            "font-style": "",
            "font-subset": "",
            "text-transform": "uppercase",
            "font-size": "16",
            "tablet": {
                "font-size": ""
            },
            "mobile": {
                "font-size": ""
            },
            "color": "#333"
        }
    ],
    "navigation-font": [
        {
            "google": "1",
            "font-family": "Josefin Sans",
            "font-weight": "600",
            "font-style": "",
            "font-subset": "",
            "text-transform": "uppercase",
            "font-size": "13",
            "tablet": {
                "font-size": ""
            },
            "mobile": {
                "font-size": ""
            }
        }
    ],
    "primary-color": {
        "idle": "rgb(250,99,52)"
    },
    "android_browser_bar_color": {
        "idle": "rgb(250,99,52)"
    },
    "pages-background": {
        "color": "rgb(239,230,227)",
        "url": "",
        "id": "",
        "repeat": "",
        "size": "",
        "attachment": "",
        "position": ""
    },
    "btns_shop_bg": {
        "idle": "rgb(250,99,52)"
    },
    "btns_shop_bg_hover": {
        "idle": "rgb(228,90,47)"
    },
    "footer-bar-bg": {
        "color": "rgb(235,221,217)",
        "url": "",
        "id": "",
        "repeat": "",
        "size": "",
        "attachment": "",
        "position": ""
    },
    "update_cart_quantity_change": "1",
    "footer_content_type": "html_block",
    "disable_footer": "1",
    "footer_html_block": "18734",
    "prefooter_content_type": "html_block",
    "prefooter_html_block": "18735",
    "disable_copyrights": "0",
    "btns_shop_style": "flat",
    "btns_default_style": "flat"
}