{
    "default_header": "header_600863",
    "text-font": [
        {
            "custom": "",
            "google": "1",
            "font-family": "Lato",
            "font-weight": "400",
            "font-style": "",
            "font-subset": "",
            "font-size": "16",
            "tablet": {
                "font-size": ""
            },
            "mobile": {
                "font-size": ""
            },
            "color": "#767676"
        }
    ],
    "primary-font": [
        {
            "custom": "",
            "google": "1",
            "font-family": "Josefin Sans",
            "font-weight": "600",
            "font-style": "",
            "font-subset": "",
            "text-transform": "",
            "color": "#242424"
        }
    ],
    "post-titles-font": [
        {
            "custom": "",
            "google": "1",
            "font-family": "Josefin Sans",
            "font-weight": "600",
            "font-style": "",
            "font-subset": "",
            "text-transform": "",
            "color": "rgb(51,51,51)",
            "hover": {
                "color": "rgb(51 51 51 \/ 65%)"
            }
        }
    ],
    "secondary-font": [
        {
            "custom": "",
            "google": "1",
            "font-family": "Josefin Sans",
            "font-weight": "600",
            "font-style": "",
            "font-subset": ""
        }
    ],
    "widget-titles-font": [
        {
            "custom": "",
            "google": "1",
            "font-family": "Josefin Sans",
            "font-weight": "600",
            "font-style": "",
            "font-subset": "",
            "text-transform": "uppercase",
            "font-size": "16",
            "tablet": {
                "font-size": ""
            },
            "mobile": {
                "font-size": ""
            },
            "color": "#333"
        }
    ],
    "navigation-font": [
        {
            "custom": "",
            "google": "1",
            "font-family": "Josefin Sans",
            "font-weight": "600",
            "font-style": "",
            "font-subset": "",
            "text-transform": "uppercase",
            "font-size": "13",
            "tablet": {
                "font-size": ""
            },
            "mobile": {
                "font-size": ""
            }
        }
    ],
    "primary-color": {
        "idle": "rgb(250,99,52)"
    },
    "btns_shop_bg": {
        "idle": "rgb(250,99,52)"
    },
    "btns_shop_bg_hover": {
        "idle": "rgb(228,90,47)"
    },
    "btns_accent_bg": {
        "idle": "rgb(250,99,52)"
    },
    "btns_accent_bg_hover": {
        "idle": "rgb(228,90,47)"
    },
    "pages-background": {
        "color": "rgb(239,230,227)",
        "url": "",
        "id": "",
        "repeat": "",
        "size": "",
        "attachment": "",
        "position": ""
    },
    "disable_copyrights": "0",
    "prefooter_content_type": "text",
    "prefooter_html_block": "258",
    "footer_content_type": "html_block",
    "footer_html_block": "4851",
    "prefooter_area": "",
    "portfolio_page": "150",
    "btns_shop_style": "flat",
    "btns_default_style": "flat"
}