{
    "default_header": "header_352736",
    "promo_popup": "1",
    "promo_popup_content_type": "html_block",
    "popup_html_block": "11949",
    "popup-background": {
        "color": "#111111",
        "url": "https:\/\/dummy.xtemos.com\/woodmart2\/gutenberg\/wp-content\/uploads\/sites\/24\/2024\/06\/alternative-energy-popup.jpg",
        "id": "20356",
        "repeat": "no-repeat",
        "size": "cover",
        "attachment": "",
        "position": "center center"
    },
    "popup_color_scheme": "light",
    "popup_padding": "eyJkZXZpY2VzIjp7ImRlc2t0b3AiOnsidmFsdWUiOiIiLCJ1bml0IjoicHgifX19",
    "title-background": {
        "color": "#0a0a0a",
        "url": "https:\/\/dummy.xtemos.com\/woodmart2\/gutenberg\/wp-content\/uploads\/sites\/24\/2024\/06\/alternative-energy-page-title.jpg",
        "id": "20355",
        "repeat": "",
        "size": "cover",
        "attachment": "",
        "position": "center center"
    },
    "page-title-color": "light",
    "disable_footer": "1",
    "footer_content_type": "html_block",
    "footer_html_block": "702",
    "prefooter_content_type": "html_block",
    "prefooter_html_block": "20418",
    "text-font": [
        {
            "google": "1",
            "font-family": "Ubuntu",
            "font-weight": "400",
            "font-style": "",
            "font-subset": "",
            "font-size": "15",
            "tablet": {
                "font-size": ""
            },
            "mobile": {
                "font-size": ""
            },
            "color": "rgb(118,118,118)"
        }
    ],
    "primary-font": [
        {
            "google": "1",
            "font-family": "Manrope",
            "font-weight": "600",
            "font-style": "",
            "font-subset": "",
            "text-transform": "",
            "color": "#242424"
        }
    ],
    "post-titles-font": [
        {
            "google": "1",
            "font-family": "Manrope",
            "font-weight": "600",
            "font-style": "",
            "font-subset": "",
            "text-transform": "",
            "color": "#333333",
            "hover": {
                "color": "rgb(51 51 51 \/ 65%)"
            }
        }
    ],
    "secondary-font": [
        {
            "google": "1",
            "font-family": "Manrope",
            "font-weight": "200",
            "font-style": "",
            "font-subset": ""
        }
    ],
    "widget-titles-font": [
        {
            "google": "1",
            "font-family": "Manrope",
            "font-weight": "600",
            "font-style": "",
            "font-subset": "",
            "text-transform": "uppercase",
            "font-size": "16",
            "tablet": {
                "font-size": ""
            },
            "mobile": {
                "font-size": ""
            },
            "color": "#333"
        }
    ],
    "navigation-font": [
        {
            "google": "1",
            "font-family": "Ubuntu",
            "font-weight": "500",
            "font-style": "",
            "font-subset": "",
            "text-transform": "uppercase",
            "font-size": "13",
            "tablet": {
                "font-size": ""
            },
            "mobile": {
                "font-size": ""
            }
        }
    ],
    "advanced_typography": {
        "0": {
            "custom": "",
            "custom-selector": "",
            "google": "1",
            "font-family": "Manrope",
            "font-weight": "400",
            "font-style": "",
            "font-subset": "",
            "text-transform": "",
            "font-size": "",
            "tablet": {
                "font-size": "",
                "line-height": ""
            },
            "mobile": {
                "font-size": "",
                "line-height": ""
            },
            "line-height": "",
            "color": "",
            "hover": {
                "color": ""
            }
        },
        "1": {
            "custom": "",
            "custom-selector": "",
            "google": "1",
            "font-family": "Manrope",
            "font-weight": "800",
            "font-style": "",
            "font-subset": "",
            "text-transform": "",
            "font-size": "",
            "tablet": {
                "font-size": "",
                "line-height": ""
            },
            "mobile": {
                "font-size": "",
                "line-height": ""
            },
            "line-height": "",
            "color": "",
            "hover": {
                "color": ""
            }
        },
        "{{index}}": {
            "custom": "",
            "custom-selector": "",
            "google": "0",
            "font-family": "",
            "font-weight": "",
            "font-style": "",
            "font-subset": "",
            "text-transform": "",
            "font-size": "",
            "tablet": {
                "font-size": "",
                "line-height": ""
            },
            "mobile": {
                "font-size": "",
                "line-height": ""
            },
            "line-height": "",
            "color": "",
            "hover": {
                "color": ""
            }
        }
    },
    "primary-color": {
        "idle": "rgb(142,203,222)"
    },
    "android_browser_bar_color": {
        "idle": "rgb(142,203,222)"
    },
    "btns_default_style": "rounded",
    "btns_shop_style": "rounded",
    "btns_shop_bg": {
        "idle": "rgb(142,203,222)"
    },
    "btns_shop_bg_hover": {
        "idle": "rgb(115,190,214)"
    },
    "form_fields_style": "rounded",
    "form_border_width": "1",
    "blog_excerpt_length": "100",
    "update_cart_quantity_change": "1",
    "products_hover": "quick",
    "blog_excerpt": "excerpt",
    "secondary-color": {
        "idle": "rgb(222,240,246)"
    },
    "single_product_header": "header_342125"
}