{
    "default_header": "header_238697",
    "promo_popup": "1",
    "promo_popup_content_type": "html_block",
    "popup_html_block": "24286",
    "popup-background": {
        "color": "rgb(245,245,245)",
        "url": "https:\/\/dummy.xtemos.com\/woodmart2\/gutenberg\/wp-content\/uploads\/sites\/24\/2024\/06\/sweets-bakery-popup.jpg",
        "id": "17853",
        "repeat": "no-repeat",
        "size": "contain",
        "attachment": "",
        "position": "left center"
    },
    "popup_color_scheme": "dark",
    "popup_padding": "eyJkZXZpY2VzIjp7ImRlc2t0b3AiOnsidW5pdCI6InB4IiwidmFsdWUiOiIzMCJ9fX0=",
    "disable_footer": "1",
    "footer_content_type": "html_block",
    "footer_html_block": "24287",
    "footer-bar-bg": {
        "color": "rgb(233,235,239)",
        "url": "",
        "id": "",
        "repeat": "",
        "size": "",
        "attachment": "",
        "position": ""
    },
    "footer-style": "dark",
    "advanced_typography": {
        "0": {
            "custom": "",
            "selector": [
                "mobile_menu_first_level"
            ],
            "custom-selector": "",
            "google": "0",
            "font-family": "Lato-700",
            "font-weight": "",
            "font-style": "",
            "font-subset": "",
            "text-transform": "capitalize",
            "font-size": "",
            "tablet": {
                "font-size": "",
                "line-height": ""
            },
            "mobile": {
                "font-size": "",
                "line-height": ""
            },
            "line-height": "",
            "color": "",
            "hover": {
                "color": ""
            }
        },
        "{{index}}": {
            "custom": "",
            "custom-selector": "",
            "google": "0",
            "font-family": "",
            "font-weight": "",
            "font-style": "",
            "font-subset": "",
            "text-transform": "",
            "font-size": "",
            "tablet": {
                "font-size": "",
                "line-height": ""
            },
            "mobile": {
                "font-size": "",
                "line-height": ""
            },
            "line-height": "",
            "color": "",
            "hover": {
                "color": ""
            }
        }
    },
    "text-font": [
        {
            "google": "1",
            "font-family": "Open Sans",
            "font-weight": "400",
            "font-style": "",
            "font-subset": "",
            "font-size": "16",
            "tablet": {
                "font-size": ""
            },
            "mobile": {
                "font-size": ""
            },
            "color": "rgb(118,118,118)"
        }
    ],
    "primary-font": [
        {
            "google": "1",
            "font-family": "Commissioner",
            "font-weight": "700",
            "font-style": "",
            "font-subset": "",
            "text-transform": "",
            "color": "#242424"
        }
    ],
    "post-titles-font": [
        {
            "google": "1",
            "font-family": "Commissioner",
            "font-weight": "600",
            "font-style": "",
            "font-subset": "",
            "text-transform": "",
            "color": "#333333",
            "hover": {
                "color": "rgb(51 51 51 \/ 65%)"
            }
        }
    ],
    "secondary-font": [
        {
            "google": "1",
            "font-family": "Lato",
            "font-weight": "400",
            "font-style": "",
            "font-subset": ""
        }
    ],
    "widget-titles-font": [
        {
            "google": "1",
            "font-family": "Commissioner",
            "font-weight": "600",
            "font-style": "",
            "font-subset": "",
            "text-transform": "uppercase",
            "font-size": "16",
            "tablet": {
                "font-size": ""
            },
            "mobile": {
                "font-size": ""
            },
            "color": "#333"
        }
    ],
    "navigation-font": [
        {
            "google": "1",
            "font-family": "Commissioner",
            "font-weight": "600",
            "font-style": "",
            "font-subset": "",
            "text-transform": "capitalize",
            "font-size": "16",
            "tablet": {
                "font-size": ""
            },
            "mobile": {
                "font-size": ""
            }
        }
    ],
    "primary-color": {
        "idle": "rgb(220,172,127)"
    },
    "android_browser_bar_color": {
        "idle": "rgb(220,172,127)"
    },
    "pages-background": {
        "color": "rgb(245,245,245)",
        "url": "",
        "id": "",
        "repeat": "",
        "size": "",
        "attachment": "",
        "position": ""
    },
    "btns_shop_style": "flat",
    "btns_shop_bg": {
        "idle": "rgb(220,172,127)"
    },
    "btns_shop_bg_hover": {
        "idle": "rgb(200,157,116)"
    },
    "advanced_typography_button": {
        "0": {
            "custom": "",
            "selector": [
                "all_buttons"
            ],
            "custom-selector": "",
            "google": "0",
            "font-family": "",
            "font-weight": "",
            "font-style": "",
            "font-subset": "",
            "text-transform": "capitalize",
            "font-size": "",
            "tablet": {
                "font-size": ""
            },
            "mobile": {
                "font-size": ""
            },
            "color": "",
            "hover": {
                "color": "",
                "background": ""
            },
            "background": ""
        },
        "{{index}}": {
            "custom": "",
            "custom-selector": "",
            "google": "0",
            "font-family": "",
            "font-weight": "",
            "font-style": "",
            "font-subset": "",
            "text-transform": "",
            "font-size": "",
            "tablet": {
                "font-size": ""
            },
            "mobile": {
                "font-size": ""
            },
            "color": "",
            "hover": {
                "color": "",
                "background": ""
            },
            "background": ""
        }
    },
    "disable_copyrights": "0",
    "prefooter_content_type": "text",
    "prefooter_area": "",
    "sticky_toolbar": "0",
    "update_cart_quantity_change": "1",
    "title-background": {
        "color": "#0a0a0a",
        "url": "",
        "id": "",
        "repeat": "no-repeat",
        "size": "cover",
        "attachment": "",
        "position": "center center"
    },
    "page-title-color": "light"
}